datetime,open,high,low,close,volume
2026-07-15T12:00:00+00:00,7550.83,7577.01,7522.74,7567.96,261448.40823818563
2026-07-16T00:00:00+00:00,7567.96,7583.46,7532.21,7548.71,108217
2026-07-16T12:00:00+00:00,7548.71,7566.51,7499.99,7512.99,255895
2026-07-17T00:00:00+00:00,7512.99,7516.13,7443.63,7471.38,146959
2026-07-17T12:00:00+00:00,7471.38,7491.43,7425.66,7448.97,359052.4184468131
2026-07-19T12:00:00+00:00,7448.97,7461.69,7438.56,7460.7,23695
2026-07-20T00:00:00+00:00,7460.7,7501.83,7446.56,7492.08,165699
2026-07-20T12:00:00+00:00,7492.08,7508.37,7430.57,7442.56,250407
2026-07-21T00:00:00+00:00,7442.56,7486.08,7431.32,7472.31,98598
2026-07-21T12:00:00+00:00,7472.31,7511.38,7462.12,7501.49,138637
2026-07-22T00:00:00+00:00,7501.49,7505.23,7469.97,7475.59,115438
2026-07-22T12:00:00+00:00,7475.59,7521.29,7462.76,7489.59,152895
2026-07-23T00:00:00+00:00,7489.59,7508.83,7449.32,7459.33,137498
2026-07-23T12:00:00+00:00,7459.33,7460.59,7371.14,7408.53,358029
2026-07-24T00:00:00+00:00,7408.53,7428.05,7393.41,7424.67,148697
2026-07-24T12:00:00+00:00,7424.67,7455.97,7391.09,7404.01,328953
2026-07-26T12:00:00+00:00,7404.01,7473.63,7404.01,7472.62,13262
2026-07-27T00:00:00+00:00,7472.62,7486.12,7448.61,7473.38,106711
2026-07-27T12:00:00+00:00,7473.38,7476.63,7377.93,7410.29,414383
2026-07-28T00:00:00+00:00,7410.29,7414.79,7381.28,7413.41,213843
2026-07-28T12:00:00+00:00,7413.41,7458.55,7379.83,7458.04,394643
2026-07-29T00:00:00+00:00,7458.04,7463.92,7402.04,7444.8,243139
2026-07-29T12:00:00+00:00,7444.8,7446.35,7288.03,7343.23,669210
2026-07-30T00:00:00+00:00,7343.23,7367.39,7316.48,7365.14,263066
2026-07-30T12:00:00+00:00,7365.14,7461.89,7358.38,7453.900000000001,380017
2026-07-31T00:00:00+00:00,7453.900000000001,7483.67,7450.660000000001,7465.410000000001,134414
2026-07-31T12:00:00+00:00,7465.410000000001,7506.97,7393.950000000001,7483.37,384696
2026-08-02T12:00:00+00:00,7483.37,7524.08,7483.37,7517.83,19092
2026-08-03T00:00:00+00:00,7517.83,7533.950000000001,7511.700000000001,7523.72,101265
2026-08-03T12:00:00+00:00,7523.72,7604.01,7509.63,7602.900000000001,141180
2026-08-04T00:00:00+00:00,7602.900000000001,7624.900000000001,7596.900000000001,7621.660000000001,105894
2026-08-04T12:00:00+00:00,7621.660000000001,7753.22,7616.780000000001,7745.62,167249
2026-08-05T00:00:00+00:00,7745.62,7767.89,7744.5,7766.13,74873
2026-08-05T12:00:00+00:00,7766.13,7788.42,7714.18,7731.13,306366
2026-08-06T00:00:00+00:00,7731.13,7737.12,7717.2300000000005,7729.13,101299
2026-08-06T12:00:00+00:00,7729.13,7737.55,7693.67,7709.740000000001,253526
2026-08-07T00:00:00+00:00,7709.740000000001,7726.5,7695.25,7718.51,96157
2026-08-07T12:00:00+00:00,7718.51,7756.56,7713.55,7746.21,242574
2026-08-09T12:00:00+00:00,7746.21,7750.73,7734.61,7738.09,9561
2026-08-10T00:00:00+00:00,7738.09,7767.61,7736.61,7753.59,53976
2026-08-10T12:00:00+00:00,7753.59,7768.27,7735.86,7742.75,128677.23779270286
2026-08-11T00:00:00+00:00,7742.75,7767.89,7739.87,7761.13,62575.01570351759
2026-08-11T12:00:00+00:00,7761.13,7767.14,7710.15,7729.13,113591
2026-08-12T00:00:00+00:00,7729.13,7747.38,7722.38,7744.4,46857
2026-08-12T12:00:00+00:00,7744.4,7767.68,7732.15,7743.92,136238.3982400491
2026-08-13T00:00:00+00:00,7743.92,7764.4400000000005,7740.18,7759.4400000000005,39710
2026-08-13T12:00:00+00:00,7759.4400000000005,7813.990000000001,7753.92,7802.2300000000005,99645.99197063547
2026-08-14T00:00:00+00:00,7802.2300000000005,7806.9800000000005,7796.710000000001,7805.960000000001,30874.003202326225
2026-08-14T12:00:00+00:00,7805.960000000001,7807.9800000000005,7773.26,7779.28,85812
2026-08-16T12:00:00+00:00,7779.28,7791.85,7779.28,7791.1,3110.1709557249774
2026-08-17T00:00:00+00:00,7791.1,7803.35,7785.08,7792.09,30881.306903622695
2026-08-17T12:00:00+00:00,7792.09,7793.47,7742.18,7747.7,95945.81342281878
2026-08-18T00:00:00+00:00,7747.7,7749.95,7698.95,7714.43,77172
2026-08-18T12:00:00+00:00,7714.43,7718.57,7687.95,7691.7,146658
2026-08-19T00:00:00+00:00,7691.7,7702.95,7679.2,7698.95,66292
2026-08-19T12:00:00+00:00,7698.95,7745.75,7695.93,7722.28,205012
2026-08-20T00:00:00+00:00,7722.28,7727.3,7685.53,7686.55,92434
2026-08-20T12:00:00+00:00,7686.55,7702.1,7640.03,7649.99,235393
2026-08-21T00:00:00+00:00,7649.99,7683.14,7645.12,7678.88,66300.72866391996
2026-08-21T12:00:00+00:00,7678.88,7697.67,7660.67,7673.37,133358
2026-08-23T12:00:00+00:00,7673.37,7688,7667.23,7687.74,8418
2026-08-24T00:00:00+00:00,7687.74,7688.98,7650.11,7665.5,114028
2026-08-24T12:00:00+00:00,7665.5,7672.03,7640.79,7658.49,174341
2026-08-25T00:00:00+00:00,7658.49,7701.49,7648.24,7692.76,89411
2026-08-25T12:00:00+00:00,7692.76,7694.77,7650.780000000001,7670.46,129200
2026-08-26T00:00:00+00:00,7670.46,7682.48,7659.46,7676.22,60432
2026-08-26T12:00:00+00:00,7676.22,7729.95,7659.5,7727.57,160667
2026-08-27T00:00:00+00:00,7727.57,7728.05,7696.46,7711.71,82816
2026-08-27T12:00:00+00:00,7711.71,7745.01,7692.75,7718.860000000001,184493
2026-08-28T00:00:00+00:00,7718.860000000001,7737.38,7718.110000000001,7729.860000000001,45456
2026-08-28T12:00:00+00:00,7729.860000000001,7772.43,7701.91,7713.36,273030
2026-08-30T12:00:00+00:00,7713.36,7715.62,7680.11,7680.35,15427
2026-08-31T00:00:00+00:00,7680.35,7707.62,7675.85,7694.1,72001
2026-08-31T12:00:00+00:00,7694.1,7700.86,7666.65,7695.51,140523
2026-09-01T00:00:00+00:00,7695.51,7700.02,7640.75,7644.27,80422
2026-09-01T12:00:00+00:00,7644.27,7665.57,7613.55,7638.97,152942
2026-09-02T00:00:00+00:00,7638.97,7643.84,7625.34,7629.85,16051
